# 函数

**字符串相关函数**

| 函数                       | 功能                               |
| ------------------------ | -------------------------------- |
| CONCAT(S1,S2,...Sn)      | 字符串拼接，将S1，S2，... Sn拼接成一个字符串      |
| LOWER(str)               | 将字符串str全部转为小写                    |
| UPPER(str)               | 将字符串str全部转为大写                    |
| LPAD(str,n,pad)          | 左填充，用字符串pad对str的左边进行填充，达到n个字符串长度 |
| RPAD(str,n,pad)          | 右填充，用字符串pad对str的右边进行填充，达到n个字符串长度 |
| TRIM(str)                | 去掉字符串头部和尾部的空格                    |
| SUBSTRING(str,start,len) | 返回从字符串str从start位置起的len个长度的字符串    |

```sql
# 字符串拼接函数
mysql> select concat('Hello', ' MySQL');
+---------------------------+
| concat('Hello', ' MySQL') |
+---------------------------+
| Hello MySQL               |
+---------------------------+
# 字符串大小写转换
mysql> select lower('Hello');
+----------------+
| lower('Hello') |
+----------------+
| hello          |
+----------------+
mysql> select upper('Hello');
+----------------+
| upper('Hello') |
+----------------+
| HELLO          |
+----------------+
# 左右填充
mysql> select lpad('1', 5, '0');
+-------------------+
| lpad('1', 5, '0') |
+-------------------+
| 00001             |
+-------------------+
mysql> select rpad('1', 5, '0');
+-------------------+
| rpad('1', 5, '0') |
+-------------------+
| 10000             |
+-------------------+
# 去除空格
mysql> select trim(' Hello MySQL ');
+-----------------------+
| trim(' Hello MySQL ') |
+-----------------------+
| Hello MySQL           |
+-----------------------+
mysql> select substring('Hello MySQL', 1, 5);
+--------------------------------+
| substring('Hello MySQL', 1, 5) |
+--------------------------------+
| Hello                          |
+--------------------------------+
```

**数值函数**

| 函数         | 功能                 |
| ---------- | ------------------ |
| CEIL(x)    | 向上取整               |
| FLOOR(x)   | 向下取整               |
| MOD(x,y)   | 返回x/y的模            |
| RAND()     | 返回0~1内的随机数         |
| ROUND(x,y) | 求参数x的四舍五入的值，保留y位小数 |

```sql
# 向上取整、向下取整
mysql> select ceil(1.1);
+-----------+
| ceil(1.1) |
+-----------+
|         2 |
+-----------+
mysql> select floor(1.9);
+------------+
| floor(1.9) |
+------------+
|          1 |
+------------+
# 取模
mysql> select mod(7, 4);
+-----------+
| mod(7, 4) |
+-----------+
|         3 |
+-----------+
# 随机数
mysql> select rand();
+--------------------+
| rand()             |
+--------------------+
| 0.9938915893378589 |
+--------------------+
# 四舍五入
mysql> select round(2.344, 2);
+-----------------+
| round(2.344, 2) |
+-----------------+
|            2.34 |
+-----------------+

# 生成一个6位数的随机验证码
select lpad(floor(rand() * 1000000), 6, '0');
```

**日期函数**

| 函数                                 | 功能                           |
| ---------------------------------- | ---------------------------- |
| CURDATE()                          | 返回当前日期                       |
| CURTIME()                          | 返回当前时间                       |
| NOW()                              | 返回当前日期和时间                    |
| YEAR(date)                         | 获取指定date的年份                  |
| MONTH(date)                        | 获取指定date的月份                  |
| DAY(date)                          | 获取指定date的日期                  |
| DATE_ADD(date, INTERVAL expr type) | 返回一个日期/时间值加上一个时间间隔expr后的时间值  |
| DATEDIFF(date1,date2)              | 返回起始时间date1 和 结束时间date2之间的天数 |

```sql
# 当前日期 Y-M-D
mysql> select curdate();
+------------+
| curdate()  |
+------------+
| 2023-06-10 |
+------------+
# 当前时间 H:i:s
mysql> select curtime();
+-----------+
| curtime() |
+-----------+
| 09:19:37  |
+-----------+
# 当前日期和时间 Y-M-D H:i:s
mysql> select now();
+---------------------+
| now()               |
+---------------------+
| 2023-06-10 09:19:57 |
+---------------------+
# 指定年月日
mysql> select year(now()), month(now()), day(now());
+-------------+--------------+------------+
| year(now()) | month(now()) | day(now()) |
+-------------+--------------+------------+
|        2023 |            6 |         10 |
+-------------+--------------+------------+
# 增加指定的时间间隔
mysql> select date_add(now(), INTERVAL 70 DAY);
+----------------------------------+
| date_add(now(), INTERVAL 70 DAY) |
+----------------------------------+
| 2023-08-19 09:23:46              |
+----------------------------------+
# 求两个日期相差的天数
mysql> select datediff('2023-06-10', '2022-12-31');
+--------------------------------------+
| datediff('2023-06-10', '2022-12-31') |
+--------------------------------------+
|                                  161 |
+--------------------------------------+

# 查询所有员工的入职天数，并根据入职天数排序
mysql> select name, datediff(curdate(), entrydate) as entry_date_num from emp order by entry_date_num desc;
+-----------+----------------+
| name      | entry_date_num |
+-----------+----------------+
| 常遇春    |           7069 |
| 范瑶      |           6614 |
| 韦一笑    |           6522 |
| 杨逍      |           6369 |
| 小昭      |           5823 |
| 赵敏      |           4939 |
| 范凉凉    |           4818 |
| 陈友谅    |           4543 |
| 周芷若    |           4026 |
| 黛绮丝    |           2962 |
| 张士诚    |           2962 |
| 胡青牛    |           1896 |
| 灭绝      |           1501 |
| 张三丰    |            951 |
+-----------+----------------+
```

**流程函数**

| 函数                                                               | 功能                                       |
| ---------------------------------------------------------------- | ---------------------------------------- |
| IF(value , t , f)                                                | 如果value为true，则返回t，否则返回f                  |
| IFNULL(value1 , value2)                                          | 如果value1不为空，返回value1，否则返回value2          |
| CASE WHEN [ val1 ] THEN [res1] ... ELSE [ default ] END          | 如果val1为true，返回res1，... 否则返回default默认值    |
| CASE [ expr ] WHEN [ val1 ] THEN [res1] ... ELSE [ default ] END | 如果expr的值等于val1，返回res1，... 否则返回default默认值 |

```sql
# if
mysql> select if(false, 'ok', 'error');
+--------------------------+
| if(false, 'ok', 'error') |
+--------------------------+
| error                    |
+--------------------------+
# ifNULL
mysql> select ifnull('ok', 'default');
+-------------------------+
| ifnull('ok', 'default') |
+-------------------------+
| ok                      |
+-------------------------+
1 row in set (0.00 sec)

mysql> select ifnull('', 'default');
+-----------------------+
| ifnull('', 'default') |
+-----------------------+
|                       |
+-----------------------+
1 row in set (0.00 sec)

mysql> select ifnull(null, 'default');
+-------------------------+
| ifnull(null, 'default') |
+-------------------------+
| default                 |
+-------------------------+
1 row in set (0.00 sec)
# case when then else end
mysql> select
    ->     name,
    ->     (case workaddress when '北京' then '一线城市' when '上海' then '一线城 市' else '其他城市' end) as '工作地址'
    -> from
    ->     emp;
+-----------+--------------+
| name      | 工作地址     |
+-----------+--------------+
| 韦一笑    | 一线城市     |
| 赵敏      | 一线城市     |
| 小昭      | 一线城市     |
| 杨逍      | 一线城市     |
| 范瑶      | 一线城市     |
| 黛绮丝    | 其他城市     |
| 范凉凉    | 一线城市     |
| 陈友谅    | 一线城市     |
| 张士诚    | 其他城市     |
| 常遇春    | 一线城市     |
| 张三丰    | 其他城市     |
| 灭绝      | 其他城市     |
| 胡青牛    | 其他城市     |
| 周芷若    | 一线城市     |
+-----------+--------------+
14 rows in set (0.01 sec)
```


