# 函数

**字符串相关函数**

| 函数                       | 功能                               |
| ------------------------ | -------------------------------- |
| CONCAT(S1,S2,...Sn)      | 字符串拼接，将S1，S2，... Sn拼接成一个字符串      |
| LOWER(str)               | 将字符串str全部转为小写                    |
| UPPER(str)               | 将字符串str全部转为大写                    |
| LPAD(str,n,pad)          | 左填充，用字符串pad对str的左边进行填充，达到n个字符串长度 |
| RPAD(str,n,pad)          | 右填充，用字符串pad对str的右边进行填充，达到n个字符串长度 |
| TRIM(str)                | 去掉字符串头部和尾部的空格                    |
| SUBSTRING(str,start,len) | 返回从字符串str从start位置起的len个长度的字符串    |

```sql
# 字符串拼接函数
mysql> select concat('Hello', ' MySQL');
+---------------------------+
| concat('Hello', ' MySQL') |
+---------------------------+
| Hello MySQL               |
+---------------------------+
# 字符串大小写转换
mysql> select lower('Hello');
+----------------+
| lower('Hello') |
+----------------+
| hello          |
+----------------+
mysql> select upper('Hello');
+----------------+
| upper('Hello') |
+----------------+
| HELLO          |
+----------------+
# 左右填充
mysql> select lpad('1', 5, '0');
+-------------------+
| lpad('1', 5, '0') |
+-------------------+
| 00001             |
+-------------------+
mysql> select rpad('1', 5, '0');
+-------------------+
| rpad('1', 5, '0') |
+-------------------+
| 10000             |
+-------------------+
# 去除空格
mysql> select trim(' Hello MySQL ');
+-----------------------+
| trim(' Hello MySQL ') |
+-----------------------+
| Hello MySQL           |
+-----------------------+
mysql> select substring('Hello MySQL', 1, 5);
+--------------------------------+
| substring('Hello MySQL', 1, 5) |
+--------------------------------+
| Hello                          |
+--------------------------------+
```

**数值函数**

| 函数         | 功能                 |
| ---------- | ------------------ |
| CEIL(x)    | 向上取整               |
| FLOOR(x)   | 向下取整               |
| MOD(x,y)   | 返回x/y的模            |
| RAND()     | 返回0~1内的随机数         |
| ROUND(x,y) | 求参数x的四舍五入的值，保留y位小数 |

```sql
# 向上取整、向下取整
mysql> select ceil(1.1);
+-----------+
| ceil(1.1) |
+-----------+
|         2 |
+-----------+
mysql> select floor(1.9);
+------------+
| floor(1.9) |
+------------+
|          1 |
+------------+
# 取模
mysql> select mod(7, 4);
+-----------+
| mod(7, 4) |
+-----------+
|         3 |
+-----------+
# 随机数
mysql> select rand();
+--------------------+
| rand()             |
+--------------------+
| 0.9938915893378589 |
+--------------------+
# 四舍五入
mysql> select round(2.344, 2);
+-----------------+
| round(2.344, 2) |
+-----------------+
|            2.34 |
+-----------------+

# 生成一个6位数的随机验证码
select lpad(floor(rand() * 1000000), 6, '0');
```

**日期函数**

| 函数                                 | 功能                           |
| ---------------------------------- | ---------------------------- |
| CURDATE()                          | 返回当前日期                       |
| CURTIME()                          | 返回当前时间                       |
| NOW()                              | 返回当前日期和时间                    |
| YEAR(date)                         | 获取指定date的年份                  |
| MONTH(date)                        | 获取指定date的月份                  |
| DAY(date)                          | 获取指定date的日期                  |
| DATE_ADD(date, INTERVAL expr type) | 返回一个日期/时间值加上一个时间间隔expr后的时间值  |
| DATEDIFF(date1,date2)              | 返回起始时间date1 和 结束时间date2之间的天数 |

```sql
# 当前日期 Y-M-D
mysql> select curdate();
+------------+
| curdate()  |
+------------+
| 2023-06-10 |
+------------+
# 当前时间 H:i:s
mysql> select curtime();
+-----------+
| curtime() |
+-----------+
| 09:19:37  |
+-----------+
# 当前日期和时间 Y-M-D H:i:s
mysql> select now();
+---------------------+
| now()               |
+---------------------+
| 2023-06-10 09:19:57 |
+---------------------+
# 指定年月日
mysql> select year(now()), month(now()), day(now());
+-------------+--------------+------------+
| year(now()) | month(now()) | day(now()) |
+-------------+--------------+------------+
|        2023 |            6 |         10 |
+-------------+--------------+------------+
# 增加指定的时间间隔
mysql> select date_add(now(), INTERVAL 70 DAY);
+----------------------------------+
| date_add(now(), INTERVAL 70 DAY) |
+----------------------------------+
| 2023-08-19 09:23:46              |
+----------------------------------+
# 求两个日期相差的天数
mysql> select datediff('2023-06-10', '2022-12-31');
+--------------------------------------+
| datediff('2023-06-10', '2022-12-31') |
+--------------------------------------+
|                                  161 |
+--------------------------------------+

# 查询所有员工的入职天数，并根据入职天数排序
mysql> select name, datediff(curdate(), entrydate) as entry_date_num from emp order by entry_date_num desc;
+-----------+----------------+
| name      | entry_date_num |
+-----------+----------------+
| 常遇春    |           7069 |
| 范瑶      |           6614 |
| 韦一笑    |           6522 |
| 杨逍      |           6369 |
| 小昭      |           5823 |
| 赵敏      |           4939 |
| 范凉凉    |           4818 |
| 陈友谅    |           4543 |
| 周芷若    |           4026 |
| 黛绮丝    |           2962 |
| 张士诚    |           2962 |
| 胡青牛    |           1896 |
| 灭绝      |           1501 |
| 张三丰    |            951 |
+-----------+----------------+
```

**流程函数**

| 函数                                                               | 功能                                       |
| ---------------------------------------------------------------- | ---------------------------------------- |
| IF(value , t , f)                                                | 如果value为true，则返回t，否则返回f                  |
| IFNULL(value1 , value2)                                          | 如果value1不为空，返回value1，否则返回value2          |
| CASE WHEN [ val1 ] THEN [res1] ... ELSE [ default ] END          | 如果val1为true，返回res1，... 否则返回default默认值    |
| CASE [ expr ] WHEN [ val1 ] THEN [res1] ... ELSE [ default ] END | 如果expr的值等于val1，返回res1，... 否则返回default默认值 |

```sql
# if
mysql> select if(false, 'ok', 'error');
+--------------------------+
| if(false, 'ok', 'error') |
+--------------------------+
| error                    |
+--------------------------+
# ifNULL
mysql> select ifnull('ok', 'default');
+-------------------------+
| ifnull('ok', 'default') |
+-------------------------+
| ok                      |
+-------------------------+
1 row in set (0.00 sec)

mysql> select ifnull('', 'default');
+-----------------------+
| ifnull('', 'default') |
+-----------------------+
|                       |
+-----------------------+
1 row in set (0.00 sec)

mysql> select ifnull(null, 'default');
+-------------------------+
| ifnull(null, 'default') |
+-------------------------+
| default                 |
+-------------------------+
1 row in set (0.00 sec)
# case when then else end
mysql> select
    ->     name,
    ->     (case workaddress when '北京' then '一线城市' when '上海' then '一线城 市' else '其他城市' end) as '工作地址'
    -> from
    ->     emp;
+-----------+--------------+
| name      | 工作地址     |
+-----------+--------------+
| 韦一笑    | 一线城市     |
| 赵敏      | 一线城市     |
| 小昭      | 一线城市     |
| 杨逍      | 一线城市     |
| 范瑶      | 一线城市     |
| 黛绮丝    | 其他城市     |
| 范凉凉    | 一线城市     |
| 陈友谅    | 一线城市     |
| 张士诚    | 其他城市     |
| 常遇春    | 一线城市     |
| 张三丰    | 其他城市     |
| 灭绝      | 其他城市     |
| 胡青牛    | 其他城市     |
| 周芷若    | 一线城市     |
+-----------+--------------+
14 rows in set (0.01 sec)
```

# 约束

**约束分类**

| 约束            | 描述                           | 关键字         |
| ------------- | ---------------------------- | ----------- |
| 非空约束          | 限制字段的数据不能为null               | NOT NULL    |
| 唯一约束          | 保证该字段的所有数据都是唯一、不重复的          | UNIQUE      |
| 主键约束          | 主键是一行数据的唯一标识，要求非空白且唯一        | RIMARY KEY  |
| 默认约束          | 保证数据时，如果未指定字段的值，则采用默认值       | DEFAULT     |
| 检查约束（8.0.6之后） | 保证字段值满足某一个条件                 | CHECK       |
| 外键约束          | 用来让两张表的数据之间建立连接，保证数据的一致性和完整性 | FOREIGN KEY |

```sql
create table user (
    id int(10) primary key auto_increment comment 'id',
    name varchar(10) not null unique comment '姓名',
    age tinyint(3) check ( age > 0 && age < 150 ) comment '年龄',
    status tinyint(1) default 0 comment '状态',
    gender tinyint(1) default 0 comment '性别'
) comment '用户表';
```

**外键约束**

- 添加外键

```sql
# 创建表时
# CREATE TABLE 表名( 
#    字段名 数据类型, 
#    ... 
#    [CONSTRAINT] [外键名称] FOREIGN KEY (外键字段名) REFERENCES 主表 (主表列名) 
#);
# 修改时
# ALTER TABLE 表名 ADD CONSTRAINT 外键名称 FOREIGN KEY (外键字段名) REFERENCES 主表 (主表列名) ;
# 给emp标的dept_id增加外键约束
alter table emp add constraint fk_emp_dept_id foreign key (dept_id) references dept(id);
```

- 删除外键

```sql
# ALTER TABLE 表名 DROP FOREIGN KEY 外键名称;
alter table emp drop foreign key fk_emp_dept_id;
```

- 删除/更新行为

| 行为          | 说明                                                              |
| ----------- | --------------------------------------------------------------- |
| NO ACTION   | 当在父表中删除/更新对应记录时，首先检查该记录是否有对应的外键，如果有则不允许删除/更新。默认行为               |
| RESTRICT    | 当在父表中删除/更新对应记录时，首先检查该记录是否有对应外键，如果有则不允许删除/更新。默认行为                |
| CASCADE     | 当在父表中删除/更新对应记录时，首先检查该记录是否有对应外键，如果有也更新对应外键在子表中的记录。               |
| SET NULL    | 当在父表中删除/更新对应记录时，首先检查该记录是否有对应外键，如果有则设置子表中该外键值为NULL（要求该外键允许取null） |
| SET DEFAULT | 父表有变更时，子表将外键列设置为一个默认的值（innodb不支持，故不常用）                          |

```sql
# CASCADE
alter table emp add constraint fk_emp_dept_id foreign key (dept_id) references dept(id) on update cascade on delete cascade ;

# 修改字段，对应的子表也会更新，删除也会删除对应的记录
update dept set id = 6 where id = 1;

# SET NULL
alter table emp drop foreign key fk_emp_dept_id;
alter table emp add constraint fk_emp_dept_id foreign key (dept_id) references dept(id) on update set null on delete set null;

# 删除附表记录时会将外键字段设置为null，更新有变化时也会设置为null
delete from dept where id = 6;
```

# 多表查询

**多表关系**

- 一对多

一条对应其他表的多条记录，比如部门和员工的关系，一个部门对应多个员工，一个员工对应一个部门。通过在多的一方建立外键，指向一的一方的主键。

- 多对多

多条对应其他表的多条记录，比如学生和课程的关系，一门课程可以被多个学生选择，一个学生可以选择多个课程。通过建立中间表实现。

```sql
-- 创建学生表
create table student( id int auto_increment primary key comment '主键ID', name varchar(10) comment '姓名', no varchar(10) comment '学号' ) comment '学生表';
insert into student values (null, '黛绮丝', '2000100101'),(null, '谢逊', '2000100102'),(null, '殷天正', '2000100103'),(null, '韦一笑', '2000100104');
-- 创建课程表
create table course( id int auto_increment primary key comment '主键ID', name varchar(10) comment '课程名称' ) comment '课程表';
insert into course values (null, 'Java'), (null, 'PHP'), (null , 'MySQL') , (null, 'Hadoop');
-- 创建中间表
create table student_course(id int auto_increment comment '主键' primary key, studentid int not null comment '学生ID', courseid int not null comment '课程ID', constraint fk_courseid foreign key (courseid) references course (id), constraint fk_studentid foreign key (studentid) references student (id) )comment '学生课程中间表';
insert into student_course values (null,1,1),(null,1,2),(null,1,3),(null,2,2), (null,2,3),(null,3,4);
```

- 一对一

一对一关系，多用于单标拆分，将一张表的基础字段放在一张表中，其他详情字段放在另一张表中，以提升操作效率。通过在任意一方加入外键，关联另一方的主键，且设置外键为唯一的（UNIQUE）。

**多表查询**

```sql
select * from emp, dept;
# 会通过笛卡尔积的方式将emp和dept组合成一张表返回
# 比如说emp有4条记录，dept有5条记录，那么结果集就有4*5=20条记录返回。
```

**多表查询分类**

- 内连接：查询A和B交集的部分
  
  - 隐式内连接
  
  ```sql
  # SELECT 字段列表 FROM 表1 , 表2 WHERE 条件 ... ;
  select emp.name, dept.name from emp, dept where emp.dept_id = dept.id;
  ```
  
  - 显示内连接
  
  ```sql
  # SELECT 字段列表 FROM 表1 [ INNER ] JOIN 表2 ON 连接条件 ... ;
  select e.name, d.name from emp e join dept d on e.dept_id = d.id;
  ```

- 左外连接：查询左表所有数据，以及两张表交集部分数据

```sql
# SELECT 字段列表 FROM 表1 LEFT [ OUTER ] JOIN 表2 ON 条件 ... ;
select e.*, d.name from emp e left join dept d on d.id = e.dept_id;
```

- 右外连接：查询右表所有数据，以及两张表交集部分数据
  
  - 左外和右外可以互相替换，只需要将表顺序进行替换，工作中更偏向用左外。

```sql
#  SELECT 字段列表 FROM 表1 RIGHT [ OUTER ] JOIN 表2 ON 条件 ... ;
select d.*, e.* from emp e right join dept d on d.id = e.dept_id;
```

- 自连接：当前表与自己的连接查询，自连接必须使用表别名

```sql
# SELECT 字段列表 FROM 表A 别名A JOIN 表A 别名B ON 条件 ... ;
-- 查询出员工以及对应的领导名
select a.name , b.name from emp a , emp b where a.managerid = b.id;
-- 查询出员工以及对应的领导名，没有领导也需要查询出来
select a.name '员工', b.name '领导' from emp a left join emp b on a.managerid = b.id;
```

- 联合查询
  
  - 将多次查询的结果合并在一起形成新的查询结果集
  
  - 对于联合查询的多张表列数必须保持一致，字段类型也需要保持一致
  
  - UNION ALL将全部数据直接合并在一起，UNION会对合并之后的数据去重

```sql
# SELECT 字段列表 FROM 表A ... UNION [ ALL ] SELECT 字段列表 FROM 表B ....;

# UNION ALL只将查询出来的结果暴力合并在一起
# 将薪资小于5000，年龄大于50的合并在一起
select * from emp where salary < 5000 union all select * from emp where age > 50;

# UNION会将结果集合并并去重
select * from emp where salary < 5000 union select * from emp where age > 50;

# 表字段不一致会报错
select * from emp where salary < 5000 union select name from emp where age > 50;
# [21000][1222] The used SELECT statements have a different number of columns
```

- 子查询
  
  - 标量子查询
    
    - 标量子查询结果为单个值
    
    - 标量子查询返回的结果是单个值（数字、字符串、日期等）
    
    - 常用的操作符：`=` `<>` `>` `>=` `<` `<=`
  
  ```sql
  -- 根据 "销售部" 部门ID, 查询员工信息
  select * from emp where dept_id = (select id from dept where name = '销售部');
  -- 查询指定日志日期之后的员工信息
  select * from emp where entrydate > (select entrydate from emp where name = '方东白');
  ```
  
  - 列子查询
    
    - 列子查询结果为一列
    
    - 列子查询返回的结果是一列（可以是多行）
    
    - 常用的操作符：`IN` 、`NOT IN` 、 `ANY` 、`SOME` 、 `ALL`
  
  ```sql
  -- IN 和 NOT IN是在或不在结果集中
  -- 根据部门ID, 查询员工信息
  select * from emp where dept_id in (select id from dept where name = '销售部' or name = '市场部');
  
  -- ANY 是任意满足
  -- 查询比研发部其中任意一人工资高的员工信息
  select * from emp where salary > any ( select salary from emp where dept_id = (select id from dept where name = '研发部') );
  
  -- ALL 是全部满足
  -- 查询出比财务部所有人工资都高的员工信息
  select * from emp where salary > all ( select salary from emp where dept_id = (select id from dept where name = '财务部') );
  ```
  
  - 行子查询
    
    - 行子查询结果为一行
    
    - 常用的操作符：`=` 、`<>` 、`IN` 、`NOT IN`
  
  ```sql
  -- 查询与 "张无忌" 的薪资及直属领导相同的员工信息
  select * from emp where (salary, managerid) = (select salary, managerid from emp where name = '张无忌');
  ```
  
  - 表子查询
    
    - 表子查询结果为多行多列
    
    - 常用的操作符：`IN`
  
  ```sql
  -- 查询与 "鹿杖客" , "宋远桥" 的职位和薪资相同的员工信息
  select * from emp where (job, salary) in (select job, salary from emp where name = '鹿杖客' or name = '宋远桥');
  -- 查询入职日期是 "2006-01-01" 之后的员工信息 , 及其部门信息
  select e.*, d.* from (select * from emp where entrydate > '2006-01-01') e left join dept d on e.dept_id = d.id;
  ```

# 案例

```sql
-- 查询出员工的姓名、年龄、职位、部门信息
select e.name as '姓名', e.age as '年龄', e.job as '职位', d.name as '部门'
from emp e,
     dept d
where e.dept_id = d.id;

-- 查询年龄小于30岁的员工姓名、年龄、职位、部门
select e.name as '姓名', e.age as '年龄', e.job as '职位', d.name as '部门'
from emp e
         join dept d on e.dept_id = d.id
where e.age < 30;

-- 查询拥有员工的部门ID、部门名称
select distinct d.id, d.name
from emp e,
     dept d
where e.dept_id = d.id;
select d.id, d.name
from dept as d
         left join emp e on d.id = e.dept_id
where e.id is not null
group by d.id;

-- 查询所有年龄大于40岁的员工, 及其归属的部门名称; 如果员工没有分配部门, 也需要展示出来
select e.name as '姓名', e.age as '年龄', e.job as '职位', d.name as '部门'
from emp e
         left join dept d on d.id = e.dept_id
where e.age > 30;

-- 查询所有员工的工资等级
select e.name as '姓名', e.salary as '薪资', s.grade as '薪资等级', s.losal as '等级范围min', s.hisal as '等级范围max'
from emp e,
     salgrade s
where e.salary >= s.losal && e.salary <= s.hisal;

-- 查询 "研发部" 所有员工的信息及 工资等级
-- 无部门的不会被查出来
select e.name as '姓名', e.salary as '薪资', d.name as '部门', s.grade as '薪资等级'
from emp e,
     dept d,
     salgrade s
where e.dept_id = d.id and e.salary >= s.losal && e.salary <= s.hisal
  and d.name = '研发部';
-- 无部门的会被查出来
select e.name as '姓名', e.salary as '薪资', d.name as '部门', s.grade as '薪资等级'
from emp e
         left join dept d on d.id = e.dept_id,
     salgrade s
where e.salary >= s.losal && e.salary <= s.hisal
  and d.name = '研发部';

-- 查询"研发部"员工的平均工资
select avg(salary) as '平均工资'
from emp e,
     dept d
where e.dept_id = d.id
  and d.name = '研发部';

-- 查询出工资比"灭绝"高的员工信息
select name, salary
from emp
where salary > (select salary from emp where name = '灭绝');

-- 查询出平均工资高的员工
select name, salary
from emp
where salary > (select avg(salary) from emp);

-- 查询低于本部门平均工资的员工信息
select *
from emp e2
where e2.salary < (select avg(e1.salary) from emp e1 where e1.dept_id = e2.dept_id);

-- 查询所有的部门信息, 并统计部门的员工人数
select d.id, d.name, (select count(*) from emp e where e.dept_id = d.id) '人数'
from dept d;

select d.id, d.name, count(1)
from dept d
         left join emp e on d.id = e.dept_id
where e.id is not null
group by d.id;

-- 查询所有学生的选课情况，展示学生名称、学号、课程名称
select s.name as '学生名称', s.no as '学号', c.name as '课程名称'
from student s,
     student_course sc,
     course c
where s.id = sc.studentid
  and sc.courseid = c.id;

select s.name as '学生名称', s.no as '学号', c.name as '课程名称'
from student_course as sc
         left join course c on c.id = sc.courseid
         left join student s on s.id = sc.studentid;
```

# 事务

事务是一组操作的集合，它是一个不可分割的工作单位，事务会把所有的操作作为一个整体一起向系统提交或撤销操作请求，即这些操作要么同时成功，要么同时失败。

**事务控制**

- DML事务控制
  
  - 普通的增删改是自动提交事务，可以关闭自动提交

```sql
-- 查询自动提交参数
SELECT @@autocommit ;

set @@autocommit = 0;

insert into account(name, money) values ('shanla', 100);
commit;
```

- 逻辑性事务

```sql
-- 开启事务 start transaction 或 begin
start transaction

-- 张三的余额减少1000
update account set money = money - 1000 where name = '张三';
-- 李四的余额增加1000
update account set money = money + 1000 where name = '李四';

-- 提交事务
commit;

-- 回滚事务
# rollback;
```

**事务四大特性（ACID）**

- 原子性
  
  - 事务是不可分割的最小操作单元，要么全部成功，要么全部失败。

- 一致性
  
  - 事务完成时，必须使所有的数据都保持一致状态。

- 隔离性
  
  - 数据库系统提供的隔离机制，保证事务在不受外部并发操作影响的独立环境下运行。

- 持久性
  
  - 事务一旦提交或回滚，它对数据库中的数据的改变就是永久的。

**并发事务问题**

- 脏读
  
  - 一个事务读到另一个事务没有提交的数据。
  - A和B开启了事务，B修改了数据但没有提交，A查询该数据时B已经修改的数据。

- 不可重复读
  
  - 一个事务先后读取到同一条记录，但两次读取到数据不同。
  - A和B开启了事务，A先查询数据，然后B修改数据并提交了事务，A再次查询数据发现数据变了。

- 幻读
  
  - 一个事务按照条件查询数据时，没有对应的数据行，但在插入数据时，又发现这行数据存在。
  - A和B开启了事务，A先查询没有id=1的数据，然后B插入了一条id=1的数据，然后提交了，然后A也插入id=1的数据，发现插入失败，因为主键冲突了，然后再次查id=1的数据，依然没有，感觉像是出现了“幻象”。

**事务隔离级别**

- 读未提交（Read uncommitted）
  
  - 脏读、不可重复度、幻读

- 读已提交（Read committed）（默认）
  
  - 无脏读
  
  - 不可重复度、幻读

- 可重复读（Repeatable Read）
  
  - 无脏读和不可重复度
  
  - 幻读

- 串行化（Serializable）
  
  - 无脏读、不可重复度、幻读

```sql
-- 查看事务的隔离级别
SELECT @@TRANSACTION_ISOLATION;
-- 设置事务的隔离级别
SET [ SESSION | GLOBAL ] TRANSACTION ISOLATION LEVEL { READ UNCOMMITTED | READ COMMITTED | REPEATABLE READ | SERIALIZABLE }
```

但隔离级别也高也就代表性能越低。
